{
  "fx": 457.0073621574767,
  "fy": 457.0073621574767,
  "cx": 320.0,
  "cy": 180.0,
  "width": 640,
  "height": 360,
  "fov_deg": 70.0
}